slide_01.jpg	https://scontent-lga3-2.cdninstagram.com/v/t51.82787-15/632136202_18566859790041751_4247457397038335030_n.jpg?stp=dst-jpg_e35_p1080x1080_sh2.08_tt6&_nc_ht=scontent-lga3-2.cdninstagram.com&_nc_cat=107&_nc_oc=Q6cZ2gGOtdW93wu0Tqnl5HS75rBHTuxF50b3L4hbFwmVoYYH0luwndcYk2tSdOXC9sYl44E&_nc_ohc=iltkzgr2NkAQ7kNvwG7bEnK&_nc_gid=FOXxPZ-7Zs3jLQt_e2Al7A&edm=APs17CUBAAAA&ccb=7-5&oh=00_Af99xfCDIIDB_Pc5DuFBYLIaRF3qyKZxUO1t7sAH8Z7teQ&oe=6A3459AD&_nc_sid=10d13b
slide_02.jpg	https://scontent-lga3-2.cdninstagram.com/v/t51.82787-15/630084141_18566859823041751_4711983261255719772_n.jpg?stp=dst-jpg_e35_p1080x1080_sh2.08_tt6&_nc_ht=scontent-lga3-2.cdninstagram.com&_nc_cat=107&_nc_oc=Q6cZ2gGOtdW93wu0Tqnl5HS75rBHTuxF50b3L4hbFwmVoYYH0luwndcYk2tSdOXC9sYl44E&_nc_ohc=Yj2umrTj9_YQ7kNvwE7aEpu&_nc_gid=FOXxPZ-7Zs3jLQt_e2Al7A&edm=APs17CUBAAAA&ccb=7-5&oh=00_Af9BsEsCkPLX6XVERP_XxGNpO09uKo02z8WJzqFUSW8fvg&oe=6A346960&_nc_sid=10d13b
slide_03.jpg	https://scontent-lga3-2.cdninstagram.com/v/t51.82787-15/632189595_18566859841041751_2953092005255333703_n.jpg?stp=dst-jpg_e35_p1080x1080_sh2.08_tt6&_nc_ht=scontent-lga3-2.cdninstagram.com&_nc_cat=107&_nc_oc=Q6cZ2gGOtdW93wu0Tqnl5HS75rBHTuxF50b3L4hbFwmVoYYH0luwndcYk2tSdOXC9sYl44E&_nc_ohc=6epoXYCHFaUQ7kNvwH0JzCS&_nc_gid=FOXxPZ-7Zs3jLQt_e2Al7A&edm=APs17CUBAAAA&ccb=7-5&oh=00_Af96dNxUnEKkgWhE78Gumwhlinp-r3-FRz3RB1UUdj1FeQ&oe=6A347410&_nc_sid=10d13b
slide_04.jpg	https://scontent-lga3-2.cdninstagram.com/v/t51.82787-15/631004211_18566859859041751_8808212531335872196_n.jpg?stp=dst-jpg_e35_p1080x1080_sh2.08_tt6&_nc_ht=scontent-lga3-2.cdninstagram.com&_nc_cat=107&_nc_oc=Q6cZ2gGOtdW93wu0Tqnl5HS75rBHTuxF50b3L4hbFwmVoYYH0luwndcYk2tSdOXC9sYl44E&_nc_ohc=UpEBhqeGTT0Q7kNvwEY4CbD&_nc_gid=FOXxPZ-7Zs3jLQt_e2Al7A&edm=APs17CUBAAAA&ccb=7-5&oh=00_Af_lfsPmTdyKX__HSKocykLS--ziMJO5QkBP6XtMDZR-qQ&oe=6A347C2F&_nc_sid=10d13b
slide_05.jpg	https://scontent-lga3-2.cdninstagram.com/v/t51.82787-15/630223677_18566859868041751_2521584376782783271_n.jpg?stp=dst-jpg_e35_p1080x1080_sh2.08_tt6&_nc_ht=scontent-lga3-2.cdninstagram.com&_nc_cat=107&_nc_oc=Q6cZ2gGOtdW93wu0Tqnl5HS75rBHTuxF50b3L4hbFwmVoYYH0luwndcYk2tSdOXC9sYl44E&_nc_ohc=hh4eEHEmxaMQ7kNvwH0iE7J&_nc_gid=FOXxPZ-7Zs3jLQt_e2Al7A&edm=APs17CUBAAAA&ccb=7-5&oh=00_Af9vQMvVbWtL1W4NAE5DXZFk6YkAETbPmsoIqTFeS2E-XA&oe=6A345C34&_nc_sid=10d13b
slide_06.jpg	https://scontent-lga3-2.cdninstagram.com/v/t51.82787-15/632276204_18566859877041751_4103198722138603103_n.jpg?stp=dst-jpg_e35_p1080x1080_sh2.08_tt6&_nc_ht=scontent-lga3-2.cdninstagram.com&_nc_cat=107&_nc_oc=Q6cZ2gGOtdW93wu0Tqnl5HS75rBHTuxF50b3L4hbFwmVoYYH0luwndcYk2tSdOXC9sYl44E&_nc_ohc=VpN8H8IWw0gQ7kNvwF_nRED&_nc_gid=FOXxPZ-7Zs3jLQt_e2Al7A&edm=APs17CUBAAAA&ccb=7-5&oh=00_Af9yhMOZtrtCSQer2lyZL0INlq2IaR7QNOB5agUBM3G3vg&oe=6A3474CC&_nc_sid=10d13b
slide_07.jpg	https://scontent-lga3-2.cdninstagram.com/v/t51.82787-15/631926250_18566859886041751_4817685944350659112_n.jpg?stp=dst-jpg_e35_p1080x1080_sh2.08_tt6&_nc_ht=scontent-lga3-2.cdninstagram.com&_nc_cat=107&_nc_oc=Q6cZ2gGOtdW93wu0Tqnl5HS75rBHTuxF50b3L4hbFwmVoYYH0luwndcYk2tSdOXC9sYl44E&_nc_ohc=PztLXGonJU4Q7kNvwGdC6fl&_nc_gid=FOXxPZ-7Zs3jLQt_e2Al7A&edm=APs17CUBAAAA&ccb=7-5&oh=00_Af9TdAnYvT2ljmyzjYCM62ICLLD0i90JzkZIhHonJjRTtA&oe=6A348471&_nc_sid=10d13b
slide_08.jpg	https://scontent-lga3-2.cdninstagram.com/v/t51.82787-15/630068634_18566859907041751_4774181739780715917_n.jpg?stp=dst-jpg_e35_p1080x1080_sh2.08_tt6&_nc_ht=scontent-lga3-2.cdninstagram.com&_nc_cat=107&_nc_oc=Q6cZ2gGOtdW93wu0Tqnl5HS75rBHTuxF50b3L4hbFwmVoYYH0luwndcYk2tSdOXC9sYl44E&_nc_ohc=Nz5zY8yU-ZgQ7kNvwGDUQJB&_nc_gid=FOXxPZ-7Zs3jLQt_e2Al7A&edm=APs17CUBAAAA&ccb=7-5&oh=00_Af9UTjtfI8YrYQ6Jd2E6fFT3zskVD_bux30IQO7XC-Zfyw&oe=6A348ACC&_nc_sid=10d13b
slide_09.jpg	https://scontent-lga3-2.cdninstagram.com/v/t51.82787-15/631427673_18566859931041751_5597475133035134505_n.jpg?stp=dst-jpg_e35_p1080x1080_sh2.08_tt6&_nc_ht=scontent-lga3-2.cdninstagram.com&_nc_cat=107&_nc_oc=Q6cZ2gGOtdW93wu0Tqnl5HS75rBHTuxF50b3L4hbFwmVoYYH0luwndcYk2tSdOXC9sYl44E&_nc_ohc=FZTgQuI30wMQ7kNvwFc9xCA&_nc_gid=FOXxPZ-7Zs3jLQt_e2Al7A&edm=APs17CUBAAAA&ccb=7-5&oh=00_Af_JKHvZbHDOTt21E4zCdQB_hdTY7vJipSilYhHo9aCH-g&oe=6A346B35&_nc_sid=10d13b
slide_10.jpg	https://scontent-lga3-2.cdninstagram.com/v/t51.82787-15/631656186_18566859943041751_6947063875620891322_n.jpg?stp=dst-jpg_e35_p1080x1080_sh2.08_tt6&_nc_ht=scontent-lga3-2.cdninstagram.com&_nc_cat=107&_nc_oc=Q6cZ2gGOtdW93wu0Tqnl5HS75rBHTuxF50b3L4hbFwmVoYYH0luwndcYk2tSdOXC9sYl44E&_nc_ohc=Lq6O6tenOFoQ7kNvwFterve&_nc_gid=FOXxPZ-7Zs3jLQt_e2Al7A&edm=APs17CUBAAAA&ccb=7-5&oh=00_Af8N6t0UxnJZRT0dw_69DaSzKw5PMBQkV-4ApZtOD05vtg&oe=6A3459B8&_nc_sid=10d13b
slide_11.jpg	https://scontent-lga3-2.cdninstagram.com/v/t51.82787-15/630114242_18566859958041751_8379079273675732089_n.jpg?stp=dst-jpg_e35_p1080x1080_sh2.08_tt6&_nc_ht=scontent-lga3-2.cdninstagram.com&_nc_cat=107&_nc_oc=Q6cZ2gGOtdW93wu0Tqnl5HS75rBHTuxF50b3L4hbFwmVoYYH0luwndcYk2tSdOXC9sYl44E&_nc_ohc=_HIOhPqaZJAQ7kNvwG6XRLO&_nc_gid=FOXxPZ-7Zs3jLQt_e2Al7A&edm=APs17CUBAAAA&ccb=7-5&oh=00_Af-N_vaKaK0743h-Oz8EdgMBU-gHin8B3K2b9wvXLeTRHg&oe=6A347C0D&_nc_sid=10d13b
slide_12.jpg	https://scontent-lga3-2.cdninstagram.com/v/t51.82787-15/632561792_18566859967041751_83886509764490456_n.jpg?stp=dst-jpg_e35_p1080x1080_sh2.08_tt6&_nc_ht=scontent-lga3-2.cdninstagram.com&_nc_cat=107&_nc_oc=Q6cZ2gGOtdW93wu0Tqnl5HS75rBHTuxF50b3L4hbFwmVoYYH0luwndcYk2tSdOXC9sYl44E&_nc_ohc=T5lKiU4ll-IQ7kNvwFDS1Kl&_nc_gid=FOXxPZ-7Zs3jLQt_e2Al7A&edm=APs17CUBAAAA&ccb=7-5&oh=00_Af_WNBqyGKIt7YlnDwj62kZZOaAoHgMllC8DAA5jlx3Q8w&oe=6A3477D4&_nc_sid=10d13b
slide_13.jpg	https://scontent-lga3-2.cdninstagram.com/v/t51.82787-15/629980050_18566859985041751_4222885205976504870_n.jpg?stp=dst-jpg_e35_p1080x1080_sh2.08_tt6&_nc_ht=scontent-lga3-2.cdninstagram.com&_nc_cat=107&_nc_oc=Q6cZ2gGOtdW93wu0Tqnl5HS75rBHTuxF50b3L4hbFwmVoYYH0luwndcYk2tSdOXC9sYl44E&_nc_ohc=jvP-MfmwxJ8Q7kNvwEBzYiB&_nc_gid=FOXxPZ-7Zs3jLQt_e2Al7A&edm=APs17CUBAAAA&ccb=7-5&oh=00_Af_fKrrar2bKHCnsBsRI0qHCYCUMugvYHxLM9eUqN73ZMw&oe=6A34671C&_nc_sid=10d13b
slide_14.jpg	https://scontent-lga3-2.cdninstagram.com/v/t51.82787-15/630383830_18566860045041751_3953011523174322278_n.jpg?stp=dst-jpg_e35_p1080x1080_sh2.08_tt6&_nc_ht=scontent-lga3-2.cdninstagram.com&_nc_cat=107&_nc_oc=Q6cZ2gGOtdW93wu0Tqnl5HS75rBHTuxF50b3L4hbFwmVoYYH0luwndcYk2tSdOXC9sYl44E&_nc_ohc=fmb_vg2K59kQ7kNvwHqlQgZ&_nc_gid=FOXxPZ-7Zs3jLQt_e2Al7A&edm=APs17CUBAAAA&ccb=7-5&oh=00_Af-eikCyAhaWH-6OXJpa0buL6hao_tTTG-KpkoeY7UIGHw&oe=6A3463CC&_nc_sid=10d13b
slide_15.jpg	https://scontent-lga3-2.cdninstagram.com/v/t51.82787-15/631510447_18566859994041751_801757778102288983_n.jpg?stp=dst-jpg_e35_p1080x1080_sh2.08_tt6&_nc_ht=scontent-lga3-2.cdninstagram.com&_nc_cat=107&_nc_oc=Q6cZ2gGOtdW93wu0Tqnl5HS75rBHTuxF50b3L4hbFwmVoYYH0luwndcYk2tSdOXC9sYl44E&_nc_ohc=3OOtydC1_FMQ7kNvwGKuSF_&_nc_gid=FOXxPZ-7Zs3jLQt_e2Al7A&edm=APs17CUBAAAA&ccb=7-5&oh=00_Af8HcvRdb6DwPC4yGT61Zxl5D1Cq1c9v3K9J5mhjOnAAlw&oe=6A3468DD&_nc_sid=10d13b
slide_16.jpg	https://scontent-lga3-2.cdninstagram.com/v/t51.82787-15/630134102_18566860012041751_233352791262086820_n.jpg?stp=dst-jpg_e35_p1080x1080_sh2.08_tt6&_nc_ht=scontent-lga3-2.cdninstagram.com&_nc_cat=107&_nc_oc=Q6cZ2gGOtdW93wu0Tqnl5HS75rBHTuxF50b3L4hbFwmVoYYH0luwndcYk2tSdOXC9sYl44E&_nc_ohc=5Lk5q1J0yQMQ7kNvwFQkj5R&_nc_gid=FOXxPZ-7Zs3jLQt_e2Al7A&edm=APs17CUBAAAA&ccb=7-5&oh=00_Af9pcf7uO0Jl20OZJ3hSDZnoOV7P8Cf-RMrP1QicttlzoQ&oe=6A347E6B&_nc_sid=10d13b
slide_17.jpg	https://scontent-lga3-2.cdninstagram.com/v/t51.82787-15/631500581_18566860003041751_3052339069866842101_n.jpg?stp=dst-jpg_e35_p1080x1080_sh2.08_tt6&_nc_ht=scontent-lga3-2.cdninstagram.com&_nc_cat=107&_nc_oc=Q6cZ2gGOtdW93wu0Tqnl5HS75rBHTuxF50b3L4hbFwmVoYYH0luwndcYk2tSdOXC9sYl44E&_nc_ohc=NqkG_EmZyf4Q7kNvwFLwM43&_nc_gid=FOXxPZ-7Zs3jLQt_e2Al7A&edm=APs17CUBAAAA&ccb=7-5&oh=00_Af8QuXrxT_efvJJbgRZcG9wzBNYnv5s6u3w3uV1M-8MFUw&oe=6A34796B&_nc_sid=10d13b
slide_18.jpg	https://scontent-lga3-2.cdninstagram.com/v/t51.82787-15/630999946_18566860021041751_3344973387600077674_n.jpg?stp=dst-jpg_e35_p1080x1080_sh2.08_tt6&_nc_ht=scontent-lga3-2.cdninstagram.com&_nc_cat=107&_nc_oc=Q6cZ2gGOtdW93wu0Tqnl5HS75rBHTuxF50b3L4hbFwmVoYYH0luwndcYk2tSdOXC9sYl44E&_nc_ohc=AOnIwgvwiSkQ7kNvwH1bJiF&_nc_gid=FOXxPZ-7Zs3jLQt_e2Al7A&edm=APs17CUBAAAA&ccb=7-5&oh=00_Af8RZvPQ71RL8Yzed13B_giP7-2L1ed5ISDk6R8xRpi_sg&oe=6A3489D4&_nc_sid=10d13b
slide_19.jpg	https://scontent-lga3-2.cdninstagram.com/v/t51.82787-15/631071382_18566860030041751_110807561624914696_n.jpg?stp=dst-jpg_e35_p1080x1080_sh2.08_tt6&_nc_ht=scontent-lga3-2.cdninstagram.com&_nc_cat=107&_nc_oc=Q6cZ2gGOtdW93wu0Tqnl5HS75rBHTuxF50b3L4hbFwmVoYYH0luwndcYk2tSdOXC9sYl44E&_nc_ohc=jhOAREhGUoQQ7kNvwE7RjFN&_nc_gid=FOXxPZ-7Zs3jLQt_e2Al7A&edm=APs17CUBAAAA&ccb=7-5&oh=00_Af-8KyC5NTBVwPOns2FHEVcJ5hFITJ6U_teeW4ByZtd44g&oe=6A3468F0&_nc_sid=10d13b
